instant,dteday,season,yr,mnth,holiday,weekday,workingday,weathersit,temp,atemp,hum,windspeed,casual,registered,cnt
1,2011/1/1,1,0,1,0,6,0,2,0.344167,0.363625,0.805833,0.160446,331,654,985
2,2011/1/2,1,0,1,0,0,0,2,0.363478,0.353739,0.696087,0.248539,131,670,801
3,2011/1/3,1,0,1,0,1,1,1,0.196364,0.189405,0.437273,0.248309,120,1229,1349
4,2011/1/4,1,0,1,0,2,1,1,0.2,0.212122,0.590435,0.160296,108,1454,1562
5,2011/1/5,1,0,1,0,3,1,1,0.226957,0.22927,0.436957,0.1869,82,1518,1600
